provider_id,denial_rate,avg_claim_amount,claim_volume,years_experience,department,cluster,risk_label
1,0.12956810631229235,6227.084717607973,602,6,General Surgery,0,High Risk
2,0.09181969949916527,5509.022537562604,599,33,Emergency Medicine,2,Low Risk
3,0.1187800963081862,5633.642327447833,623,5,Emergency Medicine,0,High Risk
4,0.09602649006622517,5984.774039735099,604,28,Pediatrics,2,Low Risk
5,0.13893653516295026,6756.933602058319,583,14,Pediatrics,3,Very High Risk
6,0.14732965009208104,5065.039686924493,543,5,Neurology,3,Very High Risk
7,0.09712230215827339,5417.58595323741,556,33,Neurology,1,Moderate Risk
8,0.12935323383084577,6221.0771973466,603,19,Internal Medicine,0,High Risk
9,0.10499139414802065,5066.694457831325,581,22,Neurology,1,Moderate Risk
10,0.14154411764705882,5542.707279411764,544,5,Orthopedics,3,Very High Risk
11,0.14890016920473773,7280.2872250423015,591,2,Orthopedics,0,High Risk
12,0.10233393177737882,5623.515637342908,557,30,General Surgery,1,Moderate Risk
13,0.12237762237762238,5494.608024475525,572,4,Radiology,3,Very High Risk
14,0.07993197278911565,7412.090765306122,588,33,Orthopedics,2,Low Risk
15,0.12835249042145594,8722.713122605364,522,13,Oncology,3,Very High Risk
16,0.09283387622149837,12687.665749185668,614,20,Pediatrics,2,Low Risk
17,0.1486013986013986,4922.505961538462,572,7,Emergency Medicine,3,Very High Risk
18,0.13153153153153152,6301.347477477478,555,15,Neurology,3,Very High Risk
19,0.12162162162162163,4358.3250844594595,592,23,General Surgery,2,Low Risk
20,0.11274509803921569,5626.119248366013,612,14,Cardiology,0,High Risk
21,0.11148086522462562,6482.133727121464,601,23,Emergency Medicine,2,Low Risk
22,0.1291866028708134,5327.147846889952,627,19,Oncology,0,High Risk
23,0.09217391304347826,4790.6393217391305,575,29,Neurology,1,Moderate Risk
24,0.13035714285714287,5050.165339285714,560,20,Oncology,3,Very High Risk
25,0.10561056105610561,9415.64287128713,606,29,Pediatrics,2,Low Risk
26,0.11596638655462185,4772.510218487395,595,24,Pediatrics,2,Low Risk
27,0.10338983050847457,7102.688033898305,590,18,Internal Medicine,2,Low Risk
28,0.1056338028169014,6226.012605633803,568,10,General Surgery,1,Moderate Risk
29,0.12887438825448613,5574.280538336053,613,8,Emergency Medicine,0,High Risk
30,0.09844559585492228,8077.600293609672,579,26,Obstetrics,1,Moderate Risk
31,0.10101010101010101,10414.673804713804,594,29,Obstetrics,2,Low Risk
32,0.12807881773399016,10572.86617405583,609,10,Emergency Medicine,0,High Risk
33,0.13870967741935483,9376.632064516129,620,17,Cardiology,0,High Risk
34,0.12972972972972974,5907.391477477478,555,2,General Surgery,3,Very High Risk
35,0.12631578947368421,7826.0819298245615,570,6,Oncology,3,Very High Risk
36,0.14361702127659576,11489.72,564,5,Cardiology,3,Very High Risk
37,0.11131059245960502,6039.516768402154,557,28,Radiology,1,Moderate Risk
38,0.1503623188405797,5669.1170833333335,552,5,Emergency Medicine,3,Very High Risk
39,0.1285444234404537,5130.2047826086955,529,18,Oncology,3,Very High Risk
40,0.10157618213660245,6067.304220665499,571,26,Obstetrics,1,Moderate Risk
41,0.09682804674457429,10594.59632721202,599,20,Orthopedics,2,Low Risk
42,0.09695817490494296,5216.556425855513,526,27,Internal Medicine,1,Moderate Risk
43,0.12455516014234876,5758.380943060498,562,12,Obstetrics,3,Very High Risk
44,0.13405797101449277,9608.778061594203,552,7,General Surgery,3,Very High Risk
45,0.17434210526315788,5530.219226973684,608,3,Pediatrics,0,High Risk
46,0.12457337883959044,5340.469078498293,586,10,Orthopedics,0,High Risk
47,0.0829103214890017,4839.061878172589,591,34,Internal Medicine,2,Low Risk
48,0.09557522123893805,5321.07217699115,565,25,Internal Medicine,1,Moderate Risk
49,0.14695945945945946,5678.463581081081,592,16,Radiology,0,High Risk
50,0.17304492512479203,6251.815540765391,601,2,Radiology,0,High Risk
51,0.1109350237717908,14529.218652931855,631,24,Neurology,2,Low Risk
52,0.13986013986013987,5061.583129370629,572,10,Obstetrics,3,Very High Risk
53,0.09982788296041308,5155.156643717729,581,22,Obstetrics,1,Moderate Risk
54,0.11602209944751381,13272.660165745858,543,26,Obstetrics,1,Moderate Risk
55,0.11343804537521815,5080.133106457242,573,27,Neurology,1,Moderate Risk
56,0.11090225563909774,10209.088533834587,532,29,Cardiology,1,Moderate Risk
57,0.11978221415607986,7306.143266787659,551,20,Internal Medicine,1,Moderate Risk
58,0.1295971978984238,5837.439299474606,571,27,Orthopedics,1,Moderate Risk
59,0.1348122866894198,4785.8275767918085,586,20,General Surgery,0,High Risk
60,0.11211573236889692,5086.677757685352,553,19,Internal Medicine,1,Moderate Risk
61,0.1256637168141593,5167.894548672566,565,20,Radiology,1,Moderate Risk
62,0.15467625899280577,6424.420629496403,556,2,Oncology,3,Very High Risk
63,0.11418685121107267,8912.152906574394,578,30,Pediatrics,1,Moderate Risk
64,0.09499136442141623,10485.297443868738,579,34,Neurology,1,Moderate Risk
65,0.1245674740484429,5743.743615916955,578,22,Emergency Medicine,1,Moderate Risk
66,0.1657848324514991,5732.562134038801,567,3,Oncology,3,Very High Risk
67,0.12155591572123177,5997.084489465154,617,6,General Surgery,0,High Risk
68,0.13745704467353953,6668.708350515464,582,15,Obstetrics,3,Very High Risk
69,0.14335664335664336,4645.980402097902,572,27,Radiology,3,Very High Risk
70,0.11694915254237288,4815.58906779661,590,10,Radiology,0,High Risk
71,0.1265164644714038,5091.650901213171,577,9,Radiology,3,Very High Risk
72,0.1098546042003231,6592.674071082391,619,33,Obstetrics,2,Low Risk
73,0.10702875399361023,5584.650974440894,626,32,Emergency Medicine,2,Low Risk
74,0.12054329371816638,5912.88259762309,589,6,Neurology,0,High Risk
75,0.1377551020408163,8009.827670068027,588,2,Oncology,0,High Risk
76,0.12317666126418152,5931.718476499189,617,29,Obstetrics,2,Low Risk
77,0.15517241379310345,4796.890672413793,580,4,General Surgery,3,Very High Risk
78,0.14046822742474915,5543.510602006689,598,1,Neurology,0,High Risk
79,0.09694793536804308,15684.669982046678,557,19,General Surgery,1,Moderate Risk
80,0.10172413793103448,5169.026068965518,580,26,Neurology,1,Moderate Risk
81,0.10865874363327674,4618.196774193549,589,25,Emergency Medicine,2,Low Risk
82,0.1485148514851485,6689.327970297029,606,10,Pediatrics,0,High Risk
83,0.12588652482269502,6455.705478723405,564,15,General Surgery,3,Very High Risk
84,0.11804384485666104,6263.394350758854,593,22,Obstetrics,2,Low Risk
85,0.12379421221864952,4930.041479099678,622,21,Neurology,2,Low Risk
86,0.10896309314586995,5414.36769771529,569,22,Radiology,1,Moderate Risk
87,0.11054421768707483,10939.888775510204,588,34,Internal Medicine,2,Low Risk
88,0.10034013605442177,4580.339370748299,588,30,Radiology,2,Low Risk
89,0.09705372616984402,5743.21856152513,577,25,Cardiology,1,Moderate Risk
90,0.10854092526690391,6879.030960854092,562,28,Pediatrics,1,Moderate Risk
91,0.1781305114638448,5099.706807760142,567,1,Pediatrics,3,Very High Risk
92,0.1414141414141414,6398.851616161616,594,4,Radiology,0,High Risk
93,0.1281645569620253,6393.908718354431,632,7,Oncology,0,High Risk
94,0.1490125673249551,5143.6419928186715,557,9,Emergency Medicine,3,Very High Risk
95,0.10942760942760943,8205.791531986531,594,19,General Surgery,2,Low Risk
96,0.1501766784452297,6455.7382155477035,566,1,Obstetrics,3,Very High Risk
97,0.15671641791044777,9725.958768656716,536,10,Pediatrics,3,Very High Risk
98,0.12562814070351758,5374.030804020101,597,9,Radiology,0,High Risk
99,0.10508474576271186,5409.04886440678,590,32,Radiology,2,Low Risk
100,0.1099476439790576,4897.395828970331,573,32,Emergency Medicine,1,Moderate Risk
101,0.14017094017094017,5272.208564102564,585,6,Emergency Medicine,0,High Risk
102,0.11398963730569948,7154.132141623489,579,17,Orthopedics,1,Moderate Risk
103,0.12984822934232715,5033.263102866779,593,10,Orthopedics,0,High Risk
104,0.09457092819614711,5811.973082311733,571,27,Oncology,1,Moderate Risk
105,0.1506849315068493,7449.226198630136,584,21,Oncology,3,Very High Risk
106,0.1423611111111111,5612.052013888889,576,25,Cardiology,3,Very High Risk
107,0.09966216216216216,7011.405253378379,592,28,Oncology,2,Low Risk
108,0.1213768115942029,8979.616630434783,552,15,Neurology,3,Very High Risk
109,0.16387959866220736,5748.703411371238,598,4,Emergency Medicine,0,High Risk
110,0.11206896551724138,6045.046896551725,580,29,Obstetrics,1,Moderate Risk
111,0.14332784184514002,5529.898336079077,607,9,Neurology,0,High Risk
112,0.12292358803986711,5708.803588039867,602,27,General Surgery,2,Low Risk
113,0.12104283054003724,5084.392085661079,537,26,Radiology,1,Moderate Risk
114,0.1076923076923077,9136.252803418804,585,19,Oncology,2,Low Risk
115,0.10517241379310345,5133.498103448275,580,28,Radiology,1,Moderate Risk
116,0.15752212389380532,5401.496707964602,565,17,Pediatrics,3,Very High Risk
117,0.09771986970684039,6794.458745928338,614,20,Cardiology,2,Low Risk
118,0.11507293354943274,5530.107974068072,617,23,Pediatrics,2,Low Risk
119,0.11596638655462185,5371.523294117646,595,32,Cardiology,2,Low Risk
120,0.11054421768707483,5877.215221088436,588,33,Orthopedics,2,Low Risk
121,0.13810316139767054,9636.35642262895,601,5,Radiology,0,High Risk
122,0.08586762075134168,4742.497531305904,559,34,Cardiology,1,Moderate Risk
123,0.11713286713286714,5006.037115384615,572,11,Internal Medicine,3,Very High Risk
124,0.14751286449399656,9470.156397941682,583,3,Neurology,3,Very High Risk
125,0.1013745704467354,5165.93443298969,582,33,Cardiology,2,Low Risk
126,0.11965811965811966,7925.163794871795,585,11,Cardiology,0,High Risk
127,0.10696920583468396,6012.916077795786,617,16,Neurology,2,Low Risk
128,0.12724014336917563,8772.433172043011,558,18,Radiology,3,Very High Risk
129,0.10214168039538715,7332.698797364085,607,30,Radiology,2,Low Risk
130,0.15525876460767946,11846.36510851419,599,10,Neurology,0,High Risk
131,0.12054329371816638,7096.764719864176,589,18,Pediatrics,2,Low Risk
132,0.12323943661971831,5902.438838028169,568,19,Internal Medicine,1,Moderate Risk
133,0.12542372881355932,5725.5072033898305,590,13,Obstetrics,0,High Risk
134,0.13526570048309178,6298.669694041868,621,3,General Surgery,0,High Risk
135,0.1400329489291598,5686.217561779243,607,10,Internal Medicine,0,High Risk
136,0.15171288743882544,4969.3906851549755,613,1,Radiology,0,High Risk
137,0.09168081494057725,4807.650713073005,589,27,Obstetrics,2,Low Risk
138,0.13442622950819672,5255.700524590164,610,8,Orthopedics,0,High Risk
139,0.12582781456953643,6651.554354304636,604,17,Oncology,0,High Risk
140,0.10569105691056911,6114.197853658537,615,9,Cardiology,0,High Risk
141,0.15780445969125215,9292.3551457976,583,6,Neurology,3,Very High Risk
142,0.11169284467713787,5973.645270506107,573,25,Neurology,1,Moderate Risk
143,0.09171075837742504,5219.113456790124,567,28,Cardiology,1,Moderate Risk
144,0.1011608623548922,5611.158955223881,603,33,Oncology,2,Low Risk
145,0.1795774647887324,6339.656549295774,568,9,General Surgery,3,Very High Risk
146,0.1132404181184669,5587.638972125435,574,18,Oncology,1,Moderate Risk
147,0.10777385159010601,5358.190565371025,566,21,Obstetrics,1,Moderate Risk
148,0.1254125412541254,5835.833597359736,606,2,Oncology,0,High Risk
149,0.13087248322147652,5775.8314932885905,596,15,Obstetrics,0,High Risk
150,0.11694915254237288,4574.768237288135,590,28,Oncology,2,Low Risk
151,0.09563758389261745,5853.367634228188,596,18,General Surgery,2,Low Risk
152,0.08149405772495756,6917.784668930391,589,34,General Surgery,2,Low Risk
153,0.12105263157894737,5307.700666666667,570,22,Radiology,1,Moderate Risk
154,0.1346153846153846,8486.23895104895,572,11,Cardiology,3,Very High Risk
155,0.13253012048192772,5424.382117039587,581,13,General Surgery,3,Very High Risk
156,0.1227106227106227,5369.807271062271,546,4,Obstetrics,3,Very High Risk
157,0.12612612612612611,7216.506774774775,555,22,General Surgery,1,Moderate Risk
158,0.12149532710280374,9086.833794392523,535,7,Radiology,3,Very High Risk
159,0.11926605504587157,6378.513394495412,545,24,Neurology,1,Moderate Risk
160,0.12929623567921442,11361.553207855974,611,4,Obstetrics,0,High Risk
161,0.10367892976588629,4970.989030100334,598,28,Radiology,2,Low Risk
162,0.1407035175879397,4648.629849246231,597,15,Pediatrics,0,High Risk
163,0.13394495412844037,5753.943559633027,545,1,Pediatrics,3,Very High Risk
164,0.132890365448505,14648.480365448504,602,3,Orthopedics,0,High Risk
165,0.13366336633663367,9425.56386138614,606,14,Oncology,0,High Risk
166,0.15371024734982333,11163.401219081272,566,1,Cardiology,3,Very High Risk
167,0.1024793388429752,11633.834876033057,605,21,Emergency Medicine,2,Low Risk
168,0.11877394636015326,7006.453908045977,522,29,Internal Medicine,1,Moderate Risk
169,0.13043478260869565,7306.421684782608,552,5,Radiology,3,Very High Risk
170,0.1157167530224525,10407.877115716754,579,10,Neurology,0,High Risk
171,0.10391822827938671,6342.4603236797275,587,28,Internal Medicine,2,Low Risk
172,0.11754684838160136,4611.010204429302,587,21,Neurology,2,Low Risk
173,0.13732394366197184,10762.373626760564,568,7,Internal Medicine,3,Very High Risk
174,0.15824915824915825,6577.805774410775,594,3,Radiology,0,High Risk
175,0.11979166666666667,5323.186892361111,576,20,Emergency Medicine,1,Moderate Risk
176,0.12751677852348994,5551.153053691275,596,19,Internal Medicine,0,High Risk
177,0.14948453608247422,5675.611357388316,582,4,Radiology,3,Very High Risk
178,0.13798977853492334,5936.901669505962,587,5,General Surgery,0,High Risk
179,0.14336917562724014,7781.650268817204,558,1,Emergency Medicine,3,Very High Risk
180,0.18198874296435272,7210.196848030018,533,4,Obstetrics,3,Very High Risk
181,0.13604240282685512,5271.43722614841,566,12,Neurology,3,Very High Risk
182,0.11754966887417219,8581.103841059603,604,27,Pediatrics,2,Low Risk
183,0.12542372881355932,5368.681694915254,590,23,Oncology,2,Low Risk
184,0.10380622837370242,9679.700017301038,578,25,Pediatrics,1,Moderate Risk
185,0.11252268602540835,4882.077912885663,551,21,Emergency Medicine,1,Moderate Risk
186,0.11187607573149742,10408.66495697074,581,24,Obstetrics,1,Moderate Risk
187,0.1099476439790576,10551.089493891797,573,25,Neurology,1,Moderate Risk
188,0.11913357400722022,5736.039801444043,554,32,Obstetrics,1,Moderate Risk
189,0.10291595197255575,5159.22372212693,583,32,Internal Medicine,2,Low Risk
190,0.14186851211072665,8798.830813148788,578,5,Neurology,3,Very High Risk
191,0.11243611584327087,5397.954667802385,587,16,Internal Medicine,2,Low Risk
192,0.11484098939929328,4949.086148409894,566,33,Radiology,1,Moderate Risk
193,0.13582342954159593,6103.682156196944,589,21,Emergency Medicine,0,High Risk
194,0.13479052823315119,7284.7485428051,549,9,Radiology,3,Very High Risk
195,0.1371610845295056,8596.945550239236,627,6,Orthopedics,0,High Risk
196,0.1273996509598604,4795.263054101221,573,22,Obstetrics,1,Moderate Risk
197,0.1510015408320493,5211.001664098613,649,5,Internal Medicine,0,High Risk
198,0.13357400722021662,6097.969151624549,554,23,General Surgery,1,Moderate Risk
199,0.13451327433628318,6281.847309734513,565,17,Radiology,3,Very High Risk
200,0.13136288998357964,4843.299064039409,609,12,Orthopedics,0,High Risk
201,0.11627906976744186,7590.925474060823,559,23,Cardiology,1,Moderate Risk
202,0.15017064846416384,6018.062935153584,586,16,Pediatrics,3,Very High Risk
203,0.13659359190556492,4853.768381112985,593,3,Neurology,0,High Risk
204,0.09433962264150944,12069.414323899371,636,30,Orthopedics,2,Low Risk
205,0.15198618307426598,6538.357754749569,579,22,Emergency Medicine,3,Very High Risk
206,0.1281198003327787,5230.344276206323,601,9,Radiology,0,High Risk
207,0.10956521739130434,12516.868904347826,575,29,Emergency Medicine,1,Moderate Risk
208,0.12333333333333334,5297.671,600,23,Pediatrics,2,Low Risk
209,0.14307931570762053,8675.617838258164,643,13,General Surgery,0,High Risk
210,0.11433447098976109,9627.133788395906,586,32,Obstetrics,2,Low Risk
211,0.11948529411764706,5621.571231617647,544,23,Obstetrics,1,Moderate Risk
212,0.12006861063464837,5781.225385934819,583,17,Emergency Medicine,0,High Risk
213,0.11452991452991453,6803.245658119658,585,21,Internal Medicine,2,Low Risk
214,0.14770797962648557,5501.964482173175,589,2,General Surgery,0,High Risk
215,0.13204225352112675,9033.997429577465,568,6,Obstetrics,3,Very High Risk
216,0.14365671641791045,5893.838600746269,536,18,General Surgery,3,Very High Risk
217,0.1111111111111111,4941.53625,576,30,Orthopedics,1,Moderate Risk
218,0.10759493670886076,7145.669287974684,632,22,General Surgery,2,Low Risk
219,0.07155322862129145,15392.603944153578,573,33,Oncology,1,Moderate Risk
220,0.11565836298932385,5629.011779359431,562,30,Pediatrics,1,Moderate Risk
221,0.13066202090592335,5663.042108013937,574,17,Obstetrics,3,Very High Risk
222,0.09800664451827243,5330.584468438538,602,32,General Surgery,2,Low Risk
223,0.118491921005386,6383.842082585278,557,14,Emergency Medicine,3,Very High Risk
224,0.10465116279069768,5895.433488372093,602,10,Cardiology,0,High Risk
225,0.0962566844919786,5404.821711229946,561,34,Oncology,1,Moderate Risk
226,0.13403880070546736,5552.469012345679,567,9,Oncology,3,Very High Risk
227,0.10570469798657718,8057.391409395974,596,28,Internal Medicine,2,Low Risk
228,0.11461794019933555,5291.640531561462,602,11,General Surgery,0,High Risk
229,0.13322368421052633,5799.462763157894,608,14,Internal Medicine,0,High Risk
230,0.08571428571428572,5159.824419047619,525,19,Internal Medicine,1,Moderate Risk
231,0.10824742268041238,4713.067182130584,582,15,Cardiology,1,Moderate Risk
232,0.09012131715771231,5732.39171577123,577,28,Orthopedics,1,Moderate Risk
233,0.1266025641025641,4690.5749038461545,624,24,General Surgery,2,Low Risk
234,0.10554561717352415,6493.655062611807,559,8,Radiology,1,Moderate Risk
235,0.140625,5095.38828125,576,9,Obstetrics,3,Very High Risk
236,0.09269162210338681,6949.2222459893055,561,33,Internal Medicine,1,Moderate Risk
237,0.09205776173285199,5605.632870036101,554,33,Pediatrics,1,Moderate Risk
238,0.10641627543035993,4959.825226917058,639,19,Neurology,2,Low Risk
239,0.14466546112115733,7829.044303797468,553,3,Pediatrics,3,Very High Risk
240,0.14106583072100312,4941.698463949843,638,10,Cardiology,0,High Risk
241,0.1595744680851064,8558.19794326241,564,1,Cardiology,3,Very High Risk
242,0.13245033112582782,7259.879420529801,604,29,Emergency Medicine,2,Low Risk
243,0.09243697478991597,12969.594621848739,595,34,Orthopedics,2,Low Risk
244,0.13541666666666666,4687.785225694444,576,13,Obstetrics,3,Very High Risk
245,0.1721170395869191,7447.506316695352,581,1,Internal Medicine,3,Very High Risk
246,0.12522045855379188,5046.672204585539,567,34,Pediatrics,1,Moderate Risk
247,0.09769094138543517,5971.614351687389,563,29,Neurology,1,Moderate Risk
248,0.1526032315978456,7026.38461400359,557,13,Cardiology,3,Very High Risk
249,0.12255772646536411,13460.725825932506,563,29,Cardiology,1,Moderate Risk
250,0.10326086956521739,6708.368260869564,552,24,Orthopedics,1,Moderate Risk
251,0.09598603839441536,4792.770610820245,573,26,Neurology,1,Moderate Risk
252,0.11736334405144695,6295.623424437299,622,17,Neurology,2,Low Risk
253,0.13358070500927643,5097.948589981447,539,7,Orthopedics,3,Very High Risk
254,0.1172291296625222,9241.943783303732,563,13,Cardiology,3,Very High Risk
255,0.14882032667876588,4979.382105263158,551,5,Obstetrics,3,Very High Risk
256,0.1317157712305026,8423.362218370883,577,26,General Surgery,1,Moderate Risk
257,0.15849056603773584,5020.663943396226,530,3,General Surgery,3,Very High Risk
258,0.1464226289517471,6605.166955074875,601,7,Orthopedics,0,High Risk
259,0.16156462585034015,4747.201989795918,588,1,Neurology,0,High Risk
260,0.12014787430683918,6299.98314232902,541,17,Internal Medicine,1,Moderate Risk
261,0.08528428093645485,10104.730903010033,598,25,Orthopedics,2,Low Risk
262,0.16206896551724137,10861.767689655171,580,3,Obstetrics,3,Very High Risk
263,0.11053540587219343,5230.738514680484,579,15,Orthopedics,1,Moderate Risk
264,0.10101010101010101,5064.113888888889,594,29,Oncology,2,Low Risk
265,0.1,6280.558229508197,610,32,Pediatrics,2,Low Risk
266,0.11151079136690648,5837.776708633094,556,26,Neurology,1,Moderate Risk
267,0.1263537906137184,6360.908357400722,554,16,Emergency Medicine,3,Very High Risk
268,0.0978441127694859,7127.557180762853,603,25,Emergency Medicine,2,Low Risk
269,0.11170212765957446,6245.019680851064,564,28,Neurology,1,Moderate Risk
270,0.1254180602006689,5203.554799331104,598,9,Obstetrics,0,High Risk
271,0.16494845360824742,7940.631099656357,582,1,Oncology,3,Very High Risk
272,0.08917197452229299,12034.286385350317,628,29,Oncology,2,Low Risk
273,0.0946372239747634,8223.579952681388,634,22,Cardiology,2,Low Risk
274,0.1287758346581876,5527.345310015899,629,16,Pediatrics,0,High Risk
275,0.16423357664233576,5860.021532846715,548,7,General Surgery,3,Very High Risk
276,0.1285475792988314,7906.46612687813,599,14,Radiology,0,High Risk
277,0.12931034482758622,6633.924741379311,580,29,Obstetrics,1,Moderate Risk
278,0.10099337748344371,10214.68918874172,604,19,Radiology,2,Low Risk
279,0.11694915254237288,5878.515186440678,590,19,Radiology,2,Low Risk
280,0.1501766784452297,5060.6669434628975,566,2,Neurology,3,Very High Risk
281,0.1319796954314721,4955.466497461929,591,15,Emergency Medicine,0,High Risk
282,0.12110726643598616,5411.765051903115,578,3,Emergency Medicine,3,Very High Risk
283,0.13356164383561644,5955.584760273972,584,11,General Surgery,0,High Risk
284,0.09181969949916527,5595.859315525877,599,30,Neurology,2,Low Risk
285,0.1314935064935065,5786.388084415585,616,18,Radiology,0,High Risk
286,0.15753424657534246,11847.38977739726,584,2,Internal Medicine,3,Very High Risk
287,0.09644670050761421,5825.41475465313,591,32,Emergency Medicine,2,Low Risk
288,0.12869565217391304,5210.05292173913,575,8,Obstetrics,3,Very High Risk
289,0.10238907849829351,6335.061860068259,586,22,Obstetrics,2,Low Risk
290,0.138353765323993,4819.118108581436,571,6,Cardiology,3,Very High Risk
291,0.1349911190053286,4552.002024866785,563,12,Orthopedics,3,Very High Risk
292,0.10619469026548672,6193.632884955752,565,15,Internal Medicine,1,Moderate Risk
293,0.08277027027027027,5693.500388513514,592,28,Emergency Medicine,2,Low Risk
294,0.15217391304347827,5032.073829431438,598,18,Oncology,0,High Risk
295,0.13582342954159593,5007.002716468591,589,2,Emergency Medicine,0,High Risk
296,0.12586206896551724,5151.897534482759,580,13,Cardiology,3,Very High Risk
297,0.17157712305025996,4971.782928942807,577,15,Obstetrics,3,Very High Risk
298,0.1099476439790576,6154.321273996509,573,20,Radiology,1,Moderate Risk
299,0.11403508771929824,7128.939105263158,570,29,Oncology,1,Moderate Risk
300,0.10854092526690391,5800.755373665481,562,29,Neurology,1,Moderate Risk
301,0.15228426395939088,5643.28130287648,591,3,Pediatrics,0,High Risk
302,0.11428571428571428,5757.8617815126045,595,19,Radiology,2,Low Risk
303,0.13036303630363036,6215.532623762377,606,3,Pediatrics,0,High Risk
304,0.1195840554592721,4933.570103986135,577,14,Internal Medicine,3,Very High Risk
305,0.13298791018998274,5724.9894300518135,579,4,Orthopedics,3,Very High Risk
306,0.1273031825795645,5771.208425460637,597,11,Oncology,0,High Risk
307,0.09618573797678276,5365.576882255389,603,31,General Surgery,2,Low Risk
308,0.08614864864864864,4617.69152027027,592,32,Oncology,2,Low Risk
309,0.11376146788990826,9369.37352293578,545,27,Emergency Medicine,1,Moderate Risk
310,0.09615384615384616,4844.439403846153,520,30,Obstetrics,1,Moderate Risk
311,0.13810316139767054,5726.560016638935,601,2,Emergency Medicine,0,High Risk
312,0.14285714285714285,6037.8017211703955,581,9,Emergency Medicine,3,Very High Risk
313,0.10215053763440861,5650.036164874552,558,28,Internal Medicine,1,Moderate Risk
314,0.1011608623548922,4809.199701492537,603,31,Radiology,2,Low Risk
315,0.10638297872340426,5597.752659574468,564,34,General Surgery,1,Moderate Risk
316,0.1284722222222222,4758.9665277777785,576,15,General Surgery,3,Very High Risk
317,0.11754068716094032,5744.965370705244,553,25,Emergency Medicine,1,Moderate Risk
318,0.13018867924528302,13472.96875471698,530,8,Pediatrics,3,Very High Risk
319,0.14660493827160495,5501.621095679013,648,9,Internal Medicine,0,High Risk
320,0.09369024856596558,5291.965965583175,523,32,Emergency Medicine,1,Moderate Risk
321,0.09878682842287695,4534.263812824957,577,17,Orthopedics,1,Moderate Risk
322,0.11904761904761904,4834.746611721612,546,19,Obstetrics,1,Moderate Risk
323,0.11947626841243862,4924.63402618658,611,29,Radiology,2,Low Risk
324,0.12271973466003316,5902.753714759535,603,7,Neurology,0,High Risk
325,0.10142348754448399,6794.310053380783,562,28,Orthopedics,1,Moderate Risk
326,0.12864493996569468,5497.1596569468265,583,9,Pediatrics,0,High Risk
327,0.09929078014184398,10613.309521276597,564,28,Oncology,1,Moderate Risk
328,0.16140350877192983,5782.577561403508,570,6,Oncology,3,Very High Risk
329,0.12151067323481117,5609.575599343186,609,29,Orthopedics,2,Low Risk
330,0.10120068610634649,5501.568044596913,583,17,Emergency Medicine,2,Low Risk
331,0.14451827242524917,4441.048122923588,602,16,Neurology,0,High Risk
332,0.10961214165261383,4402.785008431702,593,23,Cardiology,2,Low Risk
333,0.10677966101694915,5266.041203389831,590,31,Cardiology,2,Low Risk
334,0.16369529983792544,4951.902139384117,617,3,Pediatrics,0,High Risk
335,0.11284722222222222,5787.221736111111,576,21,Emergency Medicine,1,Moderate Risk
336,0.09655172413793103,5056.802068965518,580,26,General Surgery,1,Moderate Risk
337,0.10801963993453355,5894.970229132569,611,22,General Surgery,2,Low Risk
338,0.12852112676056338,5774.939154929577,568,12,Radiology,3,Very High Risk
339,0.11231884057971014,7450.86518115942,552,13,Neurology,1,Moderate Risk
340,0.1342281879194631,7814.81917785235,596,11,Neurology,0,High Risk
341,0.11282051282051282,10266.323948717949,585,16,Oncology,2,Low Risk
342,0.1290909090909091,5330.663527272727,550,8,Internal Medicine,3,Very High Risk
343,0.1267361111111111,5827.100069444445,576,2,Pediatrics,3,Very High Risk
344,0.0957983193277311,6350.78174789916,595,30,Cardiology,2,Low Risk
345,0.1310116086235489,8521.840464344941,603,30,Pediatrics,2,Low Risk
346,0.15567765567765568,4804.5585164835165,546,12,General Surgery,3,Very High Risk
347,0.13217391304347825,8095.598382608696,575,10,General Surgery,3,Very High Risk
348,0.15889464594127806,7795.272763385146,579,11,Orthopedics,3,Very High Risk
349,0.0962962962962963,5520.951018518518,540,15,Radiology,1,Moderate Risk
350,0.1267361111111111,5655.580121527778,576,16,Neurology,3,Very High Risk
351,0.12438625204582651,13538.272520458264,611,17,Obstetrics,0,High Risk
352,0.12302284710017575,8352.257873462213,569,26,Pediatrics,1,Moderate Risk
353,0.15268456375838926,5982.335167785234,596,2,General Surgery,0,High Risk
354,0.13660245183887915,4737.401961471103,571,12,Internal Medicine,3,Very High Risk
355,0.10701754385964912,9590.437561403507,570,26,Oncology,1,Moderate Risk
356,0.10215053763440861,5929.6848566308245,558,23,Cardiology,1,Moderate Risk
357,0.10260586319218241,11164.422117263843,614,18,Radiology,2,Low Risk
358,0.1,4481.813416666666,600,32,Internal Medicine,2,Low Risk
359,0.17017543859649123,5412.954385964912,570,3,Radiology,3,Very High Risk
360,0.14334470989761092,5299.0493856655285,586,3,Orthopedics,0,High Risk
361,0.09187279151943463,6062.897703180212,566,30,Obstetrics,1,Moderate Risk
362,0.1338709677419355,5824.954580645161,620,1,General Surgery,0,High Risk
363,0.10460992907801418,8045.981400709219,564,30,Oncology,1,Moderate Risk
364,0.10746812386156648,5675.672750455373,549,32,Internal Medicine,1,Moderate Risk
365,0.10657193605683836,4719.4053463587925,563,28,Radiology,1,Moderate Risk
366,0.13162393162393163,5574.453487179488,585,21,Neurology,0,High Risk
367,0.10774410774410774,4733.342441077441,594,13,Orthopedics,2,Low Risk
368,0.11795774647887323,8758.642517605635,568,27,Neurology,1,Moderate Risk
369,0.14685314685314685,9672.047115384616,572,7,Oncology,3,Very High Risk
370,0.09259259259259259,5803.540538720539,594,22,Internal Medicine,2,Low Risk
371,0.14834205933682373,9953.806265270507,573,10,Orthopedics,3,Very High Risk
372,0.14010507880910683,5575.2988441331,571,15,Internal Medicine,3,Very High Risk
373,0.11932773109243698,5331.999831932773,595,15,General Surgery,0,High Risk
374,0.14774774774774774,5372.982954954955,555,4,Emergency Medicine,3,Very High Risk
375,0.08347245409015025,5322.336193656093,599,32,Orthopedics,2,Low Risk
376,0.11129296235679215,5939.822782324059,611,23,Neurology,2,Low Risk
377,0.13333333333333333,4497.656,570,6,Oncology,3,Very High Risk
378,0.1044776119402985,4649.872593283582,536,24,Obstetrics,1,Moderate Risk
379,0.1296875,5092.72528125,640,20,General Surgery,0,High Risk
380,0.12780656303972365,4802.3147322970635,579,20,Emergency Medicine,3,Very High Risk
381,0.14359861591695502,5535.386557093426,578,12,Obstetrics,3,Very High Risk
382,0.08617594254937164,5764.661400359067,557,33,Cardiology,1,Moderate Risk
383,0.11403508771929824,7549.861368421053,570,28,General Surgery,1,Moderate Risk
384,0.1094017094017094,5558.077948717949,585,8,Oncology,0,High Risk
385,0.18050541516245489,14121.035252707581,554,1,Radiology,3,Very High Risk
386,0.14776632302405499,6096.3306013745705,582,22,Orthopedics,3,Very High Risk
387,0.13504273504273503,5575.030478632479,585,6,Internal Medicine,0,High Risk
388,0.1098546042003231,5893.455718901454,619,21,Oncology,2,Low Risk
389,0.10172413793103448,5962.847362068966,580,32,Orthopedics,1,Moderate Risk
390,0.13175675675675674,6983.460439189189,592,15,Obstetrics,0,High Risk
391,0.1347517730496454,5268.925035460993,564,5,Internal Medicine,3,Very High Risk
392,0.13211009174311927,6872.09585321101,545,6,Pediatrics,3,Very High Risk
393,0.12521440823327615,5423.035831903945,583,25,Neurology,2,Low Risk
394,0.11055276381909548,6593.229983249581,597,29,Cardiology,2,Low Risk
395,0.11745513866231648,6143.384306688417,613,7,General Surgery,0,High Risk
396,0.1373913043478261,21527.351252173914,575,13,Oncology,3,Very High Risk
397,0.13027522935779817,5373.174844036697,545,18,Cardiology,3,Very High Risk
398,0.11946050096339114,10235.839267822734,519,2,Radiology,3,Very High Risk
399,0.1416382252559727,5809.681535836177,586,8,Orthopedics,0,High Risk
400,0.12685337726523888,21915.418929159805,607,11,Orthopedics,0,High Risk
401,0.09358752166377816,7772.559740034661,577,33,Oncology,1,Moderate Risk
402,0.10310965630114566,6221.038641571195,611,27,Emergency Medicine,2,Low Risk
403,0.1254071661237785,6152.140325732899,614,20,Emergency Medicine,2,Low Risk
404,0.11726384364820847,5397.57861563518,614,12,Pediatrics,0,High Risk
405,0.09347442680776014,5655.470264550265,567,31,Neurology,1,Moderate Risk
406,0.09965635738831616,9508.864484536083,582,27,Internal Medicine,2,Low Risk
407,0.11904761904761904,4880.549890109891,546,32,Radiology,1,Moderate Risk
408,0.1402936378466558,11032.043376835236,613,10,Cardiology,0,High Risk
409,0.1353637901861252,7018.332318104906,591,3,Emergency Medicine,0,High Risk
410,0.108348134991119,7629.094937833038,563,27,Pediatrics,1,Moderate Risk
411,0.0824561403508772,5181.0441929824565,570,31,Pediatrics,1,Moderate Risk
412,0.12521739130434784,5236.821808695652,575,15,Oncology,3,Very High Risk
413,0.11552346570397112,8958.336516245487,554,16,Radiology,1,Moderate Risk
414,0.14285714285714285,7543.866235294118,595,13,Obstetrics,0,High Risk
415,0.1440536013400335,7075.129078726967,597,11,Internal Medicine,0,High Risk
416,0.12104283054003724,16094.471061452516,537,21,Neurology,1,Moderate Risk
417,0.14337568058076225,8166.287350272232,551,11,General Surgery,3,Very High Risk
418,0.09830508474576272,9373.429084745763,590,30,Oncology,2,Low Risk
419,0.11151736745886655,5763.6428519195615,547,22,Internal Medicine,1,Moderate Risk
420,0.07944732297063903,7962.19573402418,579,31,General Surgery,1,Moderate Risk
421,0.12032520325203253,4893.637219512196,615,14,General Surgery,0,High Risk
422,0.09983079526226735,6053.959746192893,591,24,Radiology,2,Low Risk
423,0.08455284552845528,6197.377609756098,615,32,Radiology,2,Low Risk
424,0.10227272727272728,5689.486152597403,616,32,Cardiology,2,Low Risk
425,0.12417218543046357,5376.946473509934,604,15,Pediatrics,0,High Risk
426,0.15993265993265993,4795.827878787879,594,3,Internal Medicine,0,High Risk
427,0.12335526315789473,5728.326332236842,608,16,Oncology,0,High Risk
428,0.12588652482269502,5596.157695035461,564,5,Orthopedics,3,Very High Risk
429,0.1054481546572935,5002.121335676626,569,21,Oncology,1,Moderate Risk
430,0.12395309882747069,7502.82931323283,597,10,Cardiology,0,High Risk
431,0.12141652613827993,4794.867234401349,593,19,Neurology,2,Low Risk
432,0.1125,4756.884160714286,560,25,Pediatrics,1,Moderate Risk
433,0.13682432432432431,6252.035168918918,592,4,Orthopedics,0,High Risk
434,0.11954459203036052,14583.405540796963,527,29,Emergency Medicine,1,Moderate Risk
435,0.11784511784511785,7575.5810774410775,594,19,Neurology,2,Low Risk
436,0.11243611584327087,6716.278790459965,587,2,Radiology,0,High Risk
437,0.12478920741989882,7841.006812816189,593,10,General Surgery,0,High Risk
438,0.12713178294573643,5620.010806201551,645,25,Emergency Medicine,2,Low Risk
439,0.13787085514834205,7679.853141361256,573,20,Oncology,3,Very High Risk
440,0.12317666126418152,5338.22713128039,617,19,Oncology,2,Low Risk
441,0.10413223140495868,4972.829669421488,605,23,Radiology,2,Low Risk
442,0.14669051878354203,5583.944025044722,559,24,Cardiology,3,Very High Risk
443,0.1456,5853.697488000001,625,11,Internal Medicine,0,High Risk
444,0.10915492957746478,4660.624788732394,568,34,Emergency Medicine,1,Moderate Risk
445,0.09925093632958802,4510.58765917603,534,28,Emergency Medicine,1,Moderate Risk
446,0.15232974910394265,7047.145788530466,558,5,Obstetrics,3,Very High Risk
447,0.15198618307426598,5098.151191709844,579,5,Neurology,3,Very High Risk
448,0.11743119266055047,5690.490165137615,545,21,Pediatrics,1,Moderate Risk
449,0.1289198606271777,6334.897473867596,574,12,Neurology,3,Very High Risk
450,0.14334470989761092,5872.449692832764,586,4,Internal Medicine,0,High Risk
451,0.14897260273972604,6871.462500000001,584,20,Oncology,3,Very High Risk
452,0.13464696223316913,4793.021050903119,609,25,Oncology,2,Low Risk
453,0.11900826446280992,6748.6160826446285,605,14,Oncology,0,High Risk
454,0.1306532663316583,8714.826013400334,597,11,Obstetrics,0,High Risk
455,0.11222780569514237,5440.153165829146,597,32,Oncology,2,Low Risk
456,0.12586206896551724,4942.064637931034,580,11,Internal Medicine,3,Very High Risk
457,0.10234899328859061,5914.305755033557,596,18,Radiology,2,Low Risk
458,0.10774410774410774,5779.853754208754,594,27,Pediatrics,2,Low Risk
459,0.1169811320754717,5312.989132075471,530,18,Internal Medicine,1,Moderate Risk
460,0.10507246376811594,5296.719239130435,552,23,Pediatrics,1,Moderate Risk
461,0.1413237924865832,4949.662361359571,559,11,Internal Medicine,3,Very High Risk
462,0.12459546925566344,4585.0594012944985,618,21,Oncology,2,Low Risk
463,0.1400709219858156,5740.599166666667,564,5,Radiology,3,Very High Risk
464,0.1245674740484429,5473.13669550173,578,23,Emergency Medicine,1,Moderate Risk
465,0.12365591397849462,5302.595896057347,558,25,Neurology,1,Moderate Risk
466,0.15302491103202848,5199.8880604982205,562,10,General Surgery,3,Very High Risk
467,0.10350584307178631,4957.9148414023375,599,22,Radiology,2,Low Risk
468,0.11036789297658862,5534.033143812709,598,19,Emergency Medicine,2,Low Risk
469,0.13781512605042018,4143.495680672269,595,1,Cardiology,0,High Risk
470,0.15034965034965034,13336.617132867133,572,7,Internal Medicine,3,Very High Risk
471,0.1507293354943274,7275.02354943274,617,4,Cardiology,0,High Risk
472,0.13961605584642234,5029.95809773124,573,1,Emergency Medicine,3,Very High Risk
473,0.14862385321100918,4970.139247706422,545,15,Radiology,3,Very High Risk
474,0.1267361111111111,5314.533263888889,576,12,Internal Medicine,3,Very High Risk
475,0.09983079526226735,5708.052571912013,591,22,General Surgery,2,Low Risk
476,0.12104283054003724,5613.946182495345,537,22,Oncology,1,Moderate Risk
477,0.12244897959183673,5119.495023547881,637,17,Internal Medicine,0,High Risk
478,0.09333333333333334,5258.2314166666665,600,29,Internal Medicine,2,Low Risk
479,0.13787085514834205,5096.07595113438,573,14,Radiology,3,Very High Risk
480,0.12014134275618374,8347.393992932863,566,20,Radiology,1,Moderate Risk
481,0.09688581314878893,5289.41946366782,578,33,Emergency Medicine,1,Moderate Risk
482,0.14563106796116504,12562.446262135922,618,15,Orthopedics,0,High Risk
483,0.11010830324909747,5976.799963898918,554,12,Internal Medicine,1,Moderate Risk
484,0.10801393728222997,5273.22137630662,574,20,Neurology,1,Moderate Risk
485,0.12798634812286688,4995.539880546075,586,30,Internal Medicine,2,Low Risk
486,0.13658536585365855,5457.005056910569,615,3,Emergency Medicine,0,High Risk
487,0.10252100840336134,7039.1195630252105,595,28,Pediatrics,2,Low Risk
488,0.07958477508650519,7358.839965397924,578,26,Cardiology,1,Moderate Risk
489,0.12413793103448276,5165.363448275862,580,30,Oncology,1,Moderate Risk
490,0.14638447971781304,6633.631622574956,567,13,Orthopedics,3,Very High Risk
491,0.10362694300518134,6141.143799654577,579,13,General Surgery,1,Moderate Risk
492,0.1282051282051282,5332.199435897436,585,2,General Surgery,0,High Risk
493,0.13693693693693693,12041.3718018018,555,2,General Surgery,3,Very High Risk
494,0.11682242990654206,11498.823302180685,642,26,Radiology,2,Low Risk
495,0.13937282229965156,5606.243867595819,574,11,General Surgery,3,Very High Risk
496,0.13988657844990549,8297.73436672968,529,8,Oncology,3,Very High Risk
497,0.08803986710963455,5923.21084717608,602,22,Cardiology,2,Low Risk
498,0.1391465677179963,15186.726066790354,539,20,General Surgery,3,Very High Risk
499,0.13893967093235832,6413.697806215722,547,8,Internal Medicine,3,Very High Risk
500,0.10177705977382875,4930.402035541195,619,29,Internal Medicine,2,Low Risk
501,0.10598290598290598,4497.692358974358,585,26,Radiology,2,Low Risk
502,0.09443507588532883,5505.775160202361,593,30,Oncology,2,Low Risk
503,0.10683012259194395,6739.874973730298,571,17,Cardiology,1,Moderate Risk
504,0.12824956672443674,9142.844800693241,577,20,Orthopedics,3,Very High Risk
505,0.13612565445026178,10126.193385689354,573,16,Emergency Medicine,3,Very High Risk
506,0.09169550173010381,4781.421955017301,578,7,Cardiology,1,Moderate Risk
507,0.12521440823327615,5810.027993138936,583,16,Emergency Medicine,0,High Risk
508,0.11627906976744186,5998.563687707641,602,27,Pediatrics,2,Low Risk
509,0.1371527777777778,7178.164548611111,576,23,Emergency Medicine,3,Very High Risk
510,0.0965391621129326,4946.254790528233,549,24,Neurology,1,Moderate Risk
511,0.15181518151815182,9514.493828382838,606,9,Internal Medicine,0,High Risk
512,0.09515260323159784,4725.929587073609,557,20,Oncology,1,Moderate Risk
513,0.13400335008375208,5613.886147403685,597,17,Obstetrics,0,High Risk
514,0.12714776632302405,5844.128745704467,582,31,Radiology,2,Low Risk
515,0.1338709677419355,4498.199725806452,620,8,Neurology,0,High Risk
516,0.13509060955518945,11276.63410214168,607,15,Emergency Medicine,0,High Risk
517,0.11831442463533225,6557.000891410049,617,31,General Surgery,2,Low Risk
518,0.12048192771084337,5346.544388984509,581,30,Oncology,1,Moderate Risk
519,0.10197368421052631,9850.320032894737,608,20,Neurology,2,Low Risk
520,0.13394495412844037,13975.597614678898,545,12,Radiology,3,Very High Risk
521,0.14429530201342283,5090.897802013423,596,17,Internal Medicine,0,High Risk
522,0.10086956521739131,5117.634034782608,575,30,Oncology,1,Moderate Risk
523,0.12612612612612611,5909.100684684685,555,29,Radiology,1,Moderate Risk
524,0.13573883161512026,6797.065378006872,582,19,Pediatrics,3,Very High Risk
525,0.12277580071174377,6059.792758007118,562,11,Pediatrics,3,Very High Risk
526,0.1009009009009009,5832.478684684685,555,34,Radiology,1,Moderate Risk
527,0.1438474870017331,10288.631247833622,577,7,Neurology,3,Very High Risk
528,0.11980033277870217,5463.230532445923,601,34,Oncology,2,Low Risk
529,0.10430463576158941,5280.942317880795,604,20,Neurology,2,Low Risk
530,0.10551948051948051,4953.78538961039,616,24,Orthopedics,2,Low Risk
531,0.13774597495527727,5281.15259391771,559,10,Emergency Medicine,3,Very High Risk
532,0.11433447098976109,4785.526979522185,586,32,Orthopedics,2,Low Risk
533,0.14802631578947367,6124.957253289474,608,15,Pediatrics,0,High Risk
534,0.12603648424543948,6026.446915422886,603,20,Internal Medicine,2,Low Risk
535,0.14513274336283186,5203.757327433628,565,3,Cardiology,3,Very High Risk
536,0.1254125412541254,5385.313712871287,606,8,Emergency Medicine,0,High Risk
537,0.10465116279069768,5098.457043189369,602,23,Pediatrics,2,Low Risk
538,0.13277310924369748,5461.900672268907,595,11,Neurology,0,High Risk
539,0.13356164383561644,5371.600256849315,584,8,Neurology,0,High Risk
540,0.1040268456375839,6255.529345637584,596,29,Neurology,2,Low Risk
541,0.10472972972972973,6540.112837837837,592,30,Internal Medicine,2,Low Risk
542,0.12748344370860928,5225.2634271523175,604,10,Orthopedics,0,High Risk
543,0.10405643738977072,10375.73275132275,567,28,Cardiology,1,Moderate Risk
544,0.11169284467713787,5088.4079930191965,573,13,Neurology,1,Moderate Risk
545,0.10420168067226891,4933.811327731093,595,32,Obstetrics,2,Low Risk
546,0.10252100840336134,6909.508605042017,595,26,Emergency Medicine,2,Low Risk
547,0.09417808219178082,6128.513886986301,584,22,Oncology,2,Low Risk
548,0.12414965986394558,5684.389319727891,588,4,Obstetrics,0,High Risk
549,0.08586762075134168,6374.13067978533,559,31,Cardiology,1,Moderate Risk
550,0.11734693877551021,4812.308571428572,588,18,Internal Medicine,2,Low Risk
551,0.09833024118738404,5266.309981447124,539,24,Cardiology,1,Moderate Risk
552,0.11775043936731107,4025.9694903339196,569,23,Oncology,1,Moderate Risk
553,0.11414790996784566,7477.234324758842,622,22,Emergency Medicine,2,Low Risk
554,0.15151515151515152,4699.596555023923,627,2,Oncology,0,High Risk
555,0.10294117647058823,6021.167444852941,544,31,Radiology,1,Moderate Risk
556,0.12798634812286688,4830.79614334471,586,11,Emergency Medicine,0,High Risk
557,0.11596638655462185,6459.740084033614,595,28,Cardiology,2,Low Risk
558,0.11172161172161173,5360.73326007326,546,32,Neurology,1,Moderate Risk
559,0.1414790996784566,5969.9934405144695,622,5,Cardiology,0,High Risk
560,0.12792792792792793,7125.567981981982,555,10,Cardiology,3,Very High Risk
561,0.13013698630136986,9279.727705479452,584,24,Emergency Medicine,2,Low Risk
562,0.1438721136767318,4580.991225577265,563,23,Radiology,3,Very High Risk
563,0.11490125673249552,14440.494416517056,557,17,Cardiology,1,Moderate Risk
564,0.14480408858603067,4982.014429301534,587,1,Obstetrics,0,High Risk
565,0.10467289719626169,8631.887345794394,535,31,Pediatrics,1,Moderate Risk
566,0.09671532846715329,10792.176295620438,548,31,General Surgery,1,Moderate Risk
567,0.10912052117263844,7189.842899022801,614,34,General Surgery,2,Low Risk
568,0.11130742049469965,5530.216501766785,566,9,Cardiology,3,Very High Risk
569,0.12,7649.432742857142,525,22,Obstetrics,1,Moderate Risk
570,0.1310592459605027,6079.675350089767,557,13,Neurology,3,Very High Risk
571,0.11582381729200653,5365.469510603589,613,25,Internal Medicine,2,Low Risk
572,0.12177121771217712,5303.778856088561,542,18,Internal Medicine,1,Moderate Risk
573,0.12871287128712872,5171.920099009901,606,12,Emergency Medicine,0,High Risk
574,0.13848920863309352,5679.900071942446,556,17,General Surgery,3,Very High Risk
575,0.12436115843270869,6405.8341396933565,587,15,Cardiology,0,High Risk
576,0.132996632996633,7677.683703703704,594,15,Internal Medicine,0,High Risk
577,0.12521739130434784,5083.143634782608,575,15,Cardiology,3,Very High Risk
578,0.13026819923371646,6348.70377394636,522,13,Emergency Medicine,3,Very High Risk
579,0.1234991423670669,7803.4096054888505,583,17,General Surgery,0,High Risk
580,0.08900523560209424,5260.857888307155,573,32,Oncology,1,Moderate Risk
581,0.12430426716141002,6419.502393320965,539,9,Pediatrics,3,Very High Risk
582,0.10983606557377049,12545.924442622949,610,20,Pediatrics,2,Low Risk
583,0.09424083769633508,5636.976143106457,573,26,Internal Medicine,1,Moderate Risk
584,0.11591695501730104,5483.333996539792,578,27,Pediatrics,1,Moderate Risk
585,0.11813643926788686,6220.824292845257,601,21,Oncology,2,Low Risk
586,0.13011152416356878,4404.322602230483,538,18,Cardiology,3,Very High Risk
587,0.12690355329949238,5266.8916751269035,591,13,Emergency Medicine,0,High Risk
588,0.11284722222222222,7947.870468749999,576,16,Oncology,1,Moderate Risk
589,0.11235955056179775,8428.407158908507,623,9,Emergency Medicine,0,High Risk
590,0.1343804537521815,4902.042251308901,573,12,Emergency Medicine,3,Very High Risk
591,0.10664335664335664,4769.531993006993,572,19,General Surgery,1,Moderate Risk
592,0.12477064220183487,10186.768220183487,545,7,Cardiology,3,Very High Risk
593,0.1423611111111111,5157.541059027778,576,18,Obstetrics,3,Very High Risk
594,0.12369337979094076,5013.052456445993,574,16,Pediatrics,3,Very High Risk
595,0.14020270270270271,8976.003851351352,592,4,Obstetrics,0,High Risk
596,0.11690647482014388,4697.643669064748,556,25,General Surgery,1,Moderate Risk
597,0.1065989847715736,8228.347140439933,591,32,Emergency Medicine,2,Low Risk
598,0.1128747795414462,8195.78811287478,567,13,Internal Medicine,1,Moderate Risk
599,0.1054421768707483,5692.387704081633,588,17,Pediatrics,2,Low Risk
600,0.12146422628951747,7596.615257903495,601,6,Pediatrics,0,High Risk
601,0.10050251256281408,5325.092010050252,597,19,Cardiology,2,Low Risk
602,0.1285475792988314,6321.228297161937,599,13,Radiology,0,High Risk
603,0.09914529914529914,7216.341846153845,585,26,Orthopedics,2,Low Risk
604,0.13902053712480253,5067.42654028436,633,14,Orthopedics,0,High Risk
605,0.11015490533562823,5030.8950774526675,581,31,Orthopedics,1,Moderate Risk
606,0.13134851138353765,5522.28401050788,571,4,Radiology,3,Very High Risk
607,0.12457337883959044,6181.038310580205,586,8,Cardiology,0,High Risk
608,0.10603588907014681,4358.980864600327,613,25,Radiology,2,Low Risk
609,0.12186978297161936,7049.511702838063,599,13,Orthopedics,0,High Risk
610,0.1024793388429752,10432.189570247934,605,32,General Surgery,2,Low Risk
611,0.115,6251.747433333333,600,28,Oncology,2,Low Risk
612,0.13490725126475547,9470.105801011805,593,30,Emergency Medicine,2,Low Risk
613,0.15917602996254682,5035.708108614232,534,3,Radiology,3,Very High Risk
614,0.12457912457912458,10792.79627946128,594,28,Cardiology,2,Low Risk
615,0.1206581352833638,5180.065776965265,547,3,Cardiology,3,Very High Risk
616,0.10213414634146341,5428.010091463415,656,34,Obstetrics,2,Low Risk
617,0.118491921005386,5544.936409335727,557,16,Oncology,1,Moderate Risk
618,0.12887438825448613,8719.63818923328,613,22,Internal Medicine,2,Low Risk
619,0.08849557522123894,8292.137150442479,565,32,Pediatrics,1,Moderate Risk
620,0.14361702127659576,5286.365673758865,564,8,Orthopedics,3,Very High Risk
621,0.10945273631840796,4796.890182421227,603,8,Internal Medicine,0,High Risk
622,0.14130434782608695,5357.539057971015,552,6,Obstetrics,3,Very High Risk
623,0.12802768166089964,6022.783148788928,578,14,Orthopedics,3,Very High Risk
624,0.10829103214890017,5863.913468697123,591,32,Oncology,2,Low Risk
625,0.11973018549747048,5679.811163575042,593,10,Obstetrics,0,High Risk
626,0.1381692573402418,5590.697461139896,579,3,Orthopedics,3,Very High Risk
627,0.0991869918699187,6072.476634146341,615,12,Oncology,2,Low Risk
628,0.11092150170648464,4936.427252559727,586,31,Neurology,2,Low Risk
629,0.1082024432809773,7367.321553228621,573,29,Internal Medicine,1,Moderate Risk
630,0.16260162601626016,5320.069853658537,615,5,Internal Medicine,0,High Risk
631,0.12389380530973451,5031.805309734514,565,25,Pediatrics,1,Moderate Risk
632,0.11147540983606558,5226.197524590163,610,31,Oncology,2,Low Risk
633,0.13157894736842105,6322.12649122807,570,21,Radiology,3,Very High Risk
634,0.12173913043478261,5046.285930434783,575,20,Neurology,1,Moderate Risk
635,0.12435233160621761,9189.050846286702,579,22,General Surgery,1,Moderate Risk
636,0.13582342954159593,5723.812393887945,589,4,Orthopedics,0,High Risk
637,0.1381692573402418,10706.779464594127,579,13,Neurology,3,Very High Risk
638,0.11967213114754098,5386.680262295082,610,20,Oncology,2,Low Risk
639,0.12563667232597622,5404.41648556876,589,13,Emergency Medicine,0,High Risk
640,0.10586319218241043,4600.443973941368,614,17,Orthopedics,2,Low Risk
641,0.08888888888888889,5539.267367521368,585,33,Cardiology,2,Low Risk
642,0.17206132879045996,5331.099420783646,587,1,Internal Medicine,3,Very High Risk
643,0.11713286713286714,8763.424632867132,572,15,Oncology,1,Moderate Risk
644,0.11130434782608696,8245.422904347826,575,13,Cardiology,1,Moderate Risk
645,0.12839059674502712,5352.493688969259,553,17,Pediatrics,3,Very High Risk
646,0.1125703564727955,6534.566960600375,533,24,Obstetrics,1,Moderate Risk
647,0.11952861952861953,6255.23771043771,594,8,General Surgery,0,High Risk
648,0.10738255033557047,5456.129815436242,596,27,General Surgery,2,Low Risk
649,0.12105263157894737,5657.283877192983,570,23,Cardiology,1,Moderate Risk
650,0.1529790660225443,5665.822495974235,621,8,Internal Medicine,0,High Risk
651,0.131175468483816,4590.501328790459,587,8,Pediatrics,0,High Risk
652,0.0975177304964539,6951.685815602837,564,26,Emergency Medicine,1,Moderate Risk
653,0.12609457092819615,4866.478844133099,571,13,Internal Medicine,3,Very High Risk
654,0.1147011308562197,7424.14775444265,619,28,Neurology,2,Low Risk
655,0.11130742049469965,6213.956625441696,566,25,General Surgery,1,Moderate Risk
656,0.13464696223316913,12970.733037766831,609,16,Neurology,0,High Risk
657,0.1743119266055046,4721.161522935779,545,2,Orthopedics,3,Very High Risk
658,0.11026615969581749,11167.24302281369,526,18,Radiology,1,Moderate Risk
659,0.12100840336134454,5528.118386554622,595,17,Oncology,0,High Risk
660,0.11164274322169059,7062.388181818182,627,30,Pediatrics,2,Low Risk
661,0.09726962457337884,5925.655989761092,586,13,Internal Medicine,2,Low Risk
662,0.10714285714285714,5708.159795918367,588,32,General Surgery,2,Low Risk
663,0.1,8052.405644067797,590,29,Neurology,2,Low Risk
664,0.10442477876106195,6073.258601769911,565,30,Obstetrics,1,Moderate Risk
665,0.12953367875647667,5320.668497409327,579,18,Orthopedics,3,Very High Risk
666,0.14597315436241612,6328.500067114094,596,13,Oncology,0,High Risk
667,0.09405940594059406,10431.876551155116,606,21,Oncology,2,Low Risk
668,0.11069418386491557,4825.3900375234525,533,30,Internal Medicine,1,Moderate Risk
669,0.1233974358974359,5811.056378205129,624,21,Pediatrics,2,Low Risk
670,0.1184,5748.320912,625,17,Emergency Medicine,2,Low Risk
671,0.13833333333333334,5167.863700000001,600,19,Obstetrics,0,High Risk
672,0.11524163568773234,5885.477397769517,538,15,Internal Medicine,1,Moderate Risk
673,0.11367673179396093,5176.972735346359,563,9,Neurology,3,Very High Risk
674,0.11879432624113476,4982.7877482269505,564,10,Radiology,3,Very High Risk
675,0.0913978494623656,5969.822473118279,558,31,Cardiology,1,Moderate Risk
676,0.09208103130755065,5211.037624309392,543,23,Emergency Medicine,1,Moderate Risk
677,0.09310344827586207,5482.249758620689,580,30,Pediatrics,1,Moderate Risk
678,0.11375212224108659,10252.431001697794,589,33,Orthopedics,2,Low Risk
679,0.11398963730569948,6908.286200345423,579,9,Emergency Medicine,0,High Risk
680,0.13167259786476868,5363.862206405694,562,1,General Surgery,3,Very High Risk
681,0.131175468483816,5970.9419591141395,587,11,Pediatrics,0,High Risk
682,0.10112359550561797,18032.80584269663,534,34,Radiology,1,Moderate Risk
683,0.12975778546712802,5633.271937716263,578,16,General Surgery,3,Very High Risk
684,0.15187713310580206,5928.631825938566,586,9,Emergency Medicine,3,Very High Risk
685,0.10264900662251655,5021.424470198675,604,32,Cardiology,2,Low Risk
686,0.15171288743882544,7894.908955954322,613,15,Cardiology,0,High Risk
687,0.1310592459605027,5920.187163375224,557,12,Radiology,3,Very High Risk
688,0.10378912685337727,6149.017578253706,607,33,Oncology,2,Low Risk
689,0.12389380530973451,5632.80014159292,565,14,Obstetrics,3,Very High Risk
690,0.15711947626841244,12370.071669394436,611,8,Orthopedics,0,High Risk
691,0.13136288998357964,9258.753054187193,609,8,Oncology,0,High Risk
692,0.08813559322033898,5587.365796610169,590,27,Cardiology,2,Low Risk
693,0.1273031825795645,5092.571608040201,597,12,Cardiology,0,High Risk
694,0.1232876712328767,5698.33183219178,584,1,Neurology,0,High Risk
695,0.14686468646864687,6348.685726072607,606,11,General Surgery,0,High Risk
696,0.09532062391681109,5070.127694974004,577,31,Emergency Medicine,1,Moderate Risk
697,0.10726072607260725,10311.038415841585,606,17,Orthopedics,2,Low Risk
698,0.09866220735785954,4603.966471571906,598,33,Radiology,2,Low Risk
699,0.09363957597173145,4450.951201413427,566,32,Emergency Medicine,1,Moderate Risk
700,0.10367892976588629,9833.687173913044,598,29,Neurology,2,Low Risk
701,0.11784511784511785,5478.768636363636,594,21,Cardiology,2,Low Risk
702,0.12152777777777778,5791.727951388889,576,21,Radiology,1,Moderate Risk
703,0.09760589318600368,8803.47399631676,543,23,Cardiology,1,Moderate Risk
704,0.15100671140939598,18946.22140939597,596,6,Orthopedics,0,High Risk
705,0.11414790996784566,5379.983762057877,622,22,General Surgery,2,Low Risk
706,0.132569558101473,5211.165024549919,611,8,Emergency Medicine,0,High Risk
707,0.1264957264957265,6085.71011965812,585,11,Emergency Medicine,0,High Risk
708,0.12086092715231789,6475.232168874172,604,24,Oncology,2,Low Risk
709,0.12006578947368421,5665.338980263158,608,21,Radiology,2,Low Risk
710,0.15993265993265993,5396.975740740741,594,2,Obstetrics,0,High Risk
711,0.13604240282685512,5425.580494699647,566,19,Neurology,3,Very High Risk
712,0.11245674740484429,4868.1654325259515,578,28,Obstetrics,1,Moderate Risk
713,0.12581699346405228,7102.849885620915,612,17,Oncology,0,High Risk
714,0.16145833333333334,4768.3282291666665,576,6,Orthopedics,3,Very High Risk
715,0.14782608695652175,6398.190034782609,575,19,Neurology,3,Very High Risk
716,0.08862876254180602,6673.31906354515,598,28,General Surgery,2,Low Risk
717,0.1592920353982301,4691.2631150442485,565,2,Obstetrics,3,Very High Risk
718,0.12520868113522537,5471.203639398998,599,4,General Surgery,0,High Risk
719,0.09849749582637729,5568.014824707846,599,22,Obstetrics,2,Low Risk
720,0.11371237458193979,5586.901036789297,598,26,General Surgery,2,Low Risk
721,0.12267657992565056,5230.947434944238,538,13,Obstetrics,3,Very High Risk
722,0.10819672131147541,8521.08086885246,610,32,General Surgery,2,Low Risk
723,0.13126079447322972,6233.53816925734,579,17,Oncology,3,Very High Risk
724,0.12962962962962962,9952.1314983165,594,19,Pediatrics,0,High Risk
725,0.09849749582637729,5906.364156928214,599,28,Neurology,2,Low Risk
726,0.18530884808013356,8257.058247078463,599,1,Radiology,0,High Risk
727,0.11917098445595854,5827.502521588946,579,18,Orthopedics,1,Moderate Risk
728,0.09342560553633218,4413.162179930796,578,33,Internal Medicine,1,Moderate Risk
729,0.1261101243339254,4968.306802841918,563,12,Cardiology,3,Very High Risk
730,0.13166666666666665,8221.0317,600,8,Radiology,0,High Risk
731,0.10067114093959731,4840.5290100671145,596,24,Cardiology,2,Low Risk
732,0.12908777969018934,5355.822960413081,581,16,Neurology,3,Very High Risk
733,0.1456140350877193,5803.327719298245,570,4,Radiology,3,Very High Risk
734,0.11209964412811388,5639.984056939502,562,27,General Surgery,1,Moderate Risk
735,0.14473684210526316,9714.541825657896,608,9,General Surgery,0,High Risk
736,0.11657559198542805,6242.711530054645,549,16,Internal Medicine,1,Moderate Risk
737,0.12089810017271158,5927.491208981002,579,12,Cardiology,3,Very High Risk
738,0.1064891846921797,11668.386888519133,601,31,Orthopedics,2,Low Risk
739,0.11217948717948718,5605.716137820513,624,24,Neurology,2,Low Risk
740,0.11208406304728546,6422.678756567425,571,14,General Surgery,1,Moderate Risk
741,0.13134851138353765,5794.212732049037,571,25,Pediatrics,1,Moderate Risk
742,0.11733800350262696,5170.278318739054,571,34,Oncology,1,Moderate Risk
743,0.1423487544483986,5006.782295373665,562,3,Oncology,3,Very High Risk
744,0.09666080843585237,5679.871915641476,569,24,Obstetrics,1,Moderate Risk
745,0.10677966101694915,6054.407694915254,590,9,Orthopedics,0,High Risk
746,0.12365591397849462,5431.738960573476,558,26,Oncology,1,Moderate Risk
747,0.13204225352112675,6451.189137323944,568,20,Obstetrics,3,Very High Risk
748,0.12389380530973451,15936.186495575219,565,10,Cardiology,3,Very High Risk
749,0.1368421052631579,5457.529789473684,570,19,General Surgery,3,Very High Risk
750,0.14992025518341306,4145.036698564593,627,3,General Surgery,0,High Risk
751,0.10950080515297907,8575.785281803543,621,24,Pediatrics,2,Low Risk
752,0.13298791018998274,5790.139274611399,579,5,Radiology,3,Very High Risk
753,0.12920353982300886,5054.16003539823,565,3,Oncology,3,Very High Risk
754,0.11013986013986014,6595.9769230769225,572,27,Cardiology,1,Moderate Risk
755,0.11390284757118928,5394.748961474037,597,16,Emergency Medicine,2,Low Risk
756,0.1261101243339254,6283.860728241562,563,15,Oncology,3,Very High Risk
757,0.10420475319926874,6867.027129798903,547,12,Orthopedics,1,Moderate Risk
758,0.10720562390158173,6009.05467486819,569,26,Radiology,1,Moderate Risk
759,0.0843585237258348,4865.557750439367,569,34,Oncology,1,Moderate Risk
760,0.11884550084889643,6197.862835314091,589,23,Cardiology,2,Low Risk
761,0.08744038155802862,6219.764864864865,629,31,Oncology,2,Low Risk
762,0.11544715447154472,7837.454552845528,615,20,Orthopedics,2,Low Risk
763,0.16040955631399317,7149.164778156996,586,12,Emergency Medicine,3,Very High Risk
764,0.12141652613827993,5221.056492411467,593,23,Neurology,2,Low Risk
765,0.1344,8778.668176000001,625,4,Internal Medicine,0,High Risk
766,0.09012131715771231,7511.878821490468,577,23,Emergency Medicine,1,Moderate Risk
767,0.14480408858603067,5452.848057921636,587,1,Obstetrics,0,High Risk
768,0.09747292418772563,10963.193104693142,554,25,Oncology,1,Moderate Risk
769,0.13186813186813187,4698.8302197802195,546,2,General Surgery,3,Very High Risk
770,0.08823529411764706,5378.435643382352,544,30,Pediatrics,1,Moderate Risk
771,0.14583333333333334,6992.349826388889,576,3,General Surgery,3,Very High Risk
772,0.10357142857142858,5956.396982142857,560,21,Emergency Medicine,1,Moderate Risk
773,0.10596026490066225,5658.992036423841,604,25,General Surgery,2,Low Risk
774,0.12095400340715502,6799.3832879045995,587,20,Cardiology,2,Low Risk
775,0.10782608695652174,6371.939791304348,575,22,General Surgery,1,Moderate Risk
776,0.11870503597122302,4971.392392086331,556,21,Radiology,1,Moderate Risk
777,0.08566433566433566,6271.147482517482,572,33,Neurology,1,Moderate Risk
778,0.16366906474820145,5455.853435251798,556,15,Oncology,3,Very High Risk
779,0.11363636363636363,5219.756066433567,572,15,General Surgery,1,Moderate Risk
780,0.11705685618729098,9242.93112040134,598,25,Orthopedics,2,Low Risk
781,0.14855072463768115,7001.528641304348,552,21,Neurology,3,Very High Risk
782,0.1391304347826087,6539.149669565218,575,24,Neurology,3,Very High Risk
783,0.15846994535519127,6096.634535519125,549,5,General Surgery,3,Very High Risk
784,0.13184931506849315,5825.146746575343,584,6,Neurology,0,High Risk
785,0.12033898305084746,5776.256033898305,590,23,Pediatrics,2,Low Risk
786,0.12218649517684887,5236.303086816721,622,4,General Surgery,0,High Risk
787,0.12797074954296161,6244.649012797075,547,27,Cardiology,1,Moderate Risk
788,0.1373534338358459,4355.511323283083,597,18,Emergency Medicine,0,High Risk
789,0.13644214162348878,5502.546493955095,579,21,Radiology,3,Very High Risk
790,0.1190893169877408,4649.7907705779335,571,28,Internal Medicine,1,Moderate Risk
791,0.10256410256410256,6424.820689102564,624,22,Obstetrics,2,Low Risk
792,0.11359404096834265,5190.474990689013,537,23,Neurology,1,Moderate Risk
793,0.16549295774647887,5258.707095070422,568,3,Cardiology,3,Very High Risk
794,0.11733800350262696,6870.599527145359,571,10,Oncology,3,Very High Risk
795,0.11884550084889643,5429.904753820034,589,25,Oncology,2,Low Risk
796,0.15217391304347827,4861.538695652173,552,8,Obstetrics,3,Very High Risk
797,0.13176895306859207,5153.56225631769,554,11,Radiology,3,Very High Risk
798,0.13859649122807016,8595.373157894737,570,5,Neurology,3,Very High Risk
799,0.10641891891891891,5272.2713344594595,592,29,Pediatrics,2,Low Risk
800,0.13983739837398373,4740.749951219513,615,5,Obstetrics,0,High Risk
